Campaign name,Ad name,Age,Gender,Day,Reach,Impressions,Frequency,Attribution setting,Result type,Results,Amount spent (USD),Cost per result,Starts,Ends,Link clicks,Clicks (all),Gross impressions (includes invalid impressions from non-human traffic),Post engagements,Post comments,Post reactions,Post saves,Landing page views,Reporting starts,Reporting ends
CafeLaptop_Campaign_AB_1,Benefit Led,25-34,male,2026-04-22,127,130,1.02362205,7-day click or 1-day view,Website landing page views,6,1.35,0.23,2026-04-08,2026-04-22,3,8,130,4,,,1,6,2026-04-22,2026-04-22
CafeLaptop_Campaign_AB_1,Problem Led,35-44,male,2026-04-22,33,33,1,7-day click or 1-day view,Website landing page views,1,0.50,0.50,2026-04-08,2026-04-22,1,4,33,1,,,,1,2026-04-22,2026-04-22
CafeLaptop_Campaign_AB_1,Problem Led,35-44,unknown,2026-04-22,2,2,1,7-day click or 1-day view,,,0.02,,2026-04-08,2026-04-22,,0,2,,,,,,2026-04-22,2026-04-22
CafeLaptop_Campaign_AB_1,Problem Led,35-44,female,2026-04-22,3,3,1,7-day click or 1-day view,,,0.05,,2026-04-08,2026-04-22,,0,3,,,,,,2026-04-22,2026-04-22
CafeLaptop_Campaign_AB_1,Problem Led,45-54,female,2026-04-22,4,4,1,7-day click or 1-day view,,,0.14,,2026-04-08,2026-04-22,,0,4,,,,,,2026-04-22,2026-04-22
CafeLaptop_Campaign_AB_1,Problem Led,25-34,female,2026-04-22,11,11,1,7-day click or 1-day view,,,0.18,,2026-04-08,2026-04-22,,1,11,,,,,,2026-04-22,2026-04-22
CafeLaptop_Campaign_AB_1,Problem Led,18-24,unknown,2026-04-22,5,5,1,7-day click or 1-day view,,,0.07,,2026-04-08,2026-04-22,,0,5,,,,,,2026-04-22,2026-04-22
CafeLaptop_Campaign_AB_1,Problem Led,18-24,female,2026-04-22,16,16,1,7-day click or 1-day view,,,0.20,,2026-04-08,2026-04-22,,1,16,,,,,,2026-04-22,2026-04-22
CafeLaptop_Campaign_AB_1,Problem Led,45-54,male,2026-04-22,9,9,1,7-day click or 1-day view,,,0.16,,2026-04-08,2026-04-22,,0,9,,,,,,2026-04-22,2026-04-22
CafeLaptop_Campaign_AB_1,Problem Led,25-34,male,2026-04-22,116,116,1,7-day click or 1-day view,Website landing page views,2,1.54,0.77,2026-04-08,2026-04-22,3,3,116,3,,,,2,2026-04-22,2026-04-22
CafeLaptop_Campaign_AB_1,Problem Led,18-24,male,2026-04-22,133,136,1.02255639,7-day click or 1-day view,Website landing page views,2,1.55,0.78,2026-04-08,2026-04-22,1,4,136,1,,,,2,2026-04-22,2026-04-22
CafeLaptop_Campaign_AB_1,Problem Led,25-34,unknown,2026-04-22,5,5,1,7-day click or 1-day view,,,0.05,,2026-04-08,2026-04-22,,0,5,,,,,,2026-04-22,2026-04-22
CafeLaptop_Campaign_AB_1,Benefit Led,45-54,unknown,2026-04-22,1,1,1,7-day click or 1-day view,,,0.01,,2026-04-08,2026-04-22,,0,1,,,,,,2026-04-22,2026-04-22
CafeLaptop_Campaign_AB_1,Benefit Led,35-44,female,2026-04-22,10,10,1,7-day click or 1-day view,,,0.14,,2026-04-08,2026-04-22,,0,10,,,,,,2026-04-22,2026-04-22
CafeLaptop_Campaign_AB_1,Benefit Led,18-24,male,2026-04-22,84,85,1.01190476,7-day click or 1-day view,Website landing page views,2,0.89,0.45,2026-04-08,2026-04-22,1,2,85,1,,,,2,2026-04-22,2026-04-22
CafeLaptop_Campaign_AB_1,Benefit Led,35-44,unknown,2026-04-22,2,2,1,7-day click or 1-day view,,,0.03,,2026-04-08,2026-04-22,,0,2,,,,,,2026-04-22,2026-04-22
CafeLaptop_Campaign_AB_1,Benefit Led,25-34,unknown,2026-04-22,3,3,1,7-day click or 1-day view,Website landing page views,1,0.02,0.02,2026-04-08,2026-04-22,,1,3,,,,,1,2026-04-22,2026-04-22
CafeLaptop_Campaign_AB_1,Benefit Led,45-54,female,2026-04-22,2,2,1,7-day click or 1-day view,,,0.04,,2026-04-08,2026-04-22,,0,2,,,,,,2026-04-22,2026-04-22
CafeLaptop_Campaign_AB_1,Benefit Led,35-44,male,2026-04-22,51,53,1.03921569,7-day click or 1-day view,Website landing page views,4,0.88,0.22,2026-04-08,2026-04-22,4,5,53,5,,,1,4,2026-04-22,2026-04-22
CafeLaptop_Campaign_AB_1,Benefit Led,25-34,female,2026-04-22,12,12,1,7-day click or 1-day view,,,0.18,,2026-04-08,2026-04-22,,0,12,,,,,,2026-04-22,2026-04-22
CafeLaptop_Campaign_AB_1,Benefit Led,45-54,male,2026-04-22,16,16,1,7-day click or 1-day view,,,0.24,,2026-04-08,2026-04-22,,0,16,,,,,,2026-04-22,2026-04-22
CafeLaptop_Campaign_AB_1,Benefit Led,18-24,female,2026-04-22,13,13,1,7-day click or 1-day view,,,0.19,,2026-04-08,2026-04-22,,0,13,,,,,,2026-04-22,2026-04-22
CafeLaptop_Campaign_AB_1,Benefit Led,18-24,unknown,2026-04-22,4,4,1,7-day click or 1-day view,,,0.06,,2026-04-08,2026-04-22,,0,4,,,,,,2026-04-22,2026-04-22
CafeLaptop_Campaign_AB_1,Problem Led,35-44,female,2026-04-21,8,8,1,7-day click or 1-day view,Website landing page views,1,0.07,0.07,2026-04-08,2026-04-22,1,1,8,1,,,,1,2026-04-21,2026-04-21
CafeLaptop_Campaign_AB_1,Problem Led,25-34,female,2026-04-21,17,18,1.05882353,7-day click or 1-day view,,,0.31,,2026-04-08,2026-04-22,,2,18,,,,,,2026-04-21,2026-04-21
CafeLaptop_Campaign_AB_1,Problem Led,18-24,female,2026-04-21,20,21,1.05,7-day click or 1-day view,,,0.24,,2026-04-08,2026-04-22,,1,21,,,,,,2026-04-21,2026-04-21
CafeLaptop_Campaign_AB_1,Problem Led,45-54,male,2026-04-21,9,9,1,7-day click or 1-day view,,,0.10,,2026-04-08,2026-04-22,,0,9,,,,,,2026-04-21,2026-04-21
CafeLaptop_Campaign_AB_1,Problem Led,18-24,unknown,2026-04-21,5,5,1,7-day click or 1-day view,,,0.05,,2026-04-08,2026-04-22,,0,5,,,,,,2026-04-21,2026-04-21
CafeLaptop_Campaign_AB_1,Problem Led,25-34,unknown,2026-04-21,4,4,1,7-day click or 1-day view,,,0.05,,2026-04-08,2026-04-22,,0,4,,,,,,2026-04-21,2026-04-21
CafeLaptop_Campaign_AB_1,Problem Led,35-44,unknown,2026-04-21,1,1,1,7-day click or 1-day view,,,0.01,,2026-04-08,2026-04-22,,0,1,,,,,,2026-04-21,2026-04-21
CafeLaptop_Campaign_AB_1,Problem Led,35-44,male,2026-04-21,27,28,1.03703704,7-day click or 1-day view,Website landing page views,2,0.43,0.22,2026-04-08,2026-04-22,2,4,28,2,,,,2,2026-04-21,2026-04-21
CafeLaptop_Campaign_AB_1,Problem Led,18-24,male,2026-04-21,162,172,1.0617284,7-day click or 1-day view,Website landing page views,3,2.12,0.71,2026-04-08,2026-04-22,3,6,172,3,,,,3,2026-04-21,2026-04-21
CafeLaptop_Campaign_AB_1,Problem Led,25-34,male,2026-04-21,130,141,1.08461538,7-day click or 1-day view,Website landing page views,3,2.06,0.69,2026-04-08,2026-04-22,3,5,141,3,,,,3,2026-04-21,2026-04-21
CafeLaptop_Campaign_AB_1,Problem Led,45-54,female,2026-04-21,2,2,1,7-day click or 1-day view,,,0.01,,2026-04-08,2026-04-22,,1,2,,,,,,2026-04-21,2026-04-21
CafeLaptop_Campaign_AB_1,Benefit Led,35-44,female,2026-04-21,3,3,1,7-day click or 1-day view,,,0.02,,2026-04-08,2026-04-22,,0,3,,,,,,2026-04-21,2026-04-21
CafeLaptop_Campaign_AB_1,Benefit Led,45-54,female,2026-04-21,3,3,1,7-day click or 1-day view,Website landing page views,1,0.02,0.02,2026-04-08,2026-04-22,1,1,3,1,,,,1,2026-04-21,2026-04-21
CafeLaptop_Campaign_AB_1,Benefit Led,25-34,unknown,2026-04-21,5,5,1,7-day click or 1-day view,,,0.04,,2026-04-08,2026-04-22,,0,5,,,,,,2026-04-21,2026-04-21
CafeLaptop_Campaign_AB_1,Benefit Led,45-54,male,2026-04-21,15,16,1.06666667,7-day click or 1-day view,Website landing page views,1,0.26,0.26,2026-04-08,2026-04-22,1,1,17,1,,,,1,2026-04-21,2026-04-21
CafeLaptop_Campaign_AB_1,Benefit Led,25-34,male,2026-04-21,145,156,1.07586207,7-day click or 1-day view,Website landing page views,7,2.15,0.31,2026-04-08,2026-04-22,7,11,156,8,,,1,7,2026-04-21,2026-04-21
CafeLaptop_Campaign_AB_1,Benefit Led,18-24,female,2026-04-21,20,21,1.05,7-day click or 1-day view,Website landing page views,1,0.18,0.18,2026-04-08,2026-04-22,1,2,21,1,,,,1,2026-04-21,2026-04-21
CafeLaptop_Campaign_AB_1,Benefit Led,35-44,male,2026-04-21,56,60,1.07142857,7-day click or 1-day view,Website landing page views,2,0.81,0.41,2026-04-08,2026-04-22,2,4,60,2,,,,2,2026-04-21,2026-04-21
CafeLaptop_Campaign_AB_1,Benefit Led,18-24,male,2026-04-21,131,137,1.04580153,7-day click or 1-day view,Website landing page views,4,1.56,0.39,2026-04-08,2026-04-22,3,8,137,3,,,,4,2026-04-21,2026-04-21
CafeLaptop_Campaign_AB_1,Benefit Led,25-34,female,2026-04-21,22,22,1,7-day click or 1-day view,Website landing page views,2,0.26,0.13,2026-04-08,2026-04-22,,2,22,,,,,2,2026-04-21,2026-04-21
CafeLaptop_Campaign_AB_1,Benefit Led,18-24,unknown,2026-04-21,1,1,1,7-day click or 1-day view,,,0.01,,2026-04-08,2026-04-22,,0,1,,,,,,2026-04-21,2026-04-21
CafeLaptop_Campaign_AB_1,Problem Led,45-54,female,2026-04-20,2,2,1,7-day click or 1-day view,,,0.03,,2026-04-08,2026-04-22,,0,2,,,,,,2026-04-20,2026-04-20
CafeLaptop_Campaign_AB_1,Problem Led,18-24,unknown,2026-04-20,2,2,1,7-day click or 1-day view,,,0.02,,2026-04-08,2026-04-22,,0,2,,,,,,2026-04-20,2026-04-20
CafeLaptop_Campaign_AB_1,Problem Led,45-54,male,2026-04-20,9,9,1,7-day click or 1-day view,,,0.14,,2026-04-08,2026-04-22,,0,9,,,,,,2026-04-20,2026-04-20
CafeLaptop_Campaign_AB_1,Problem Led,25-34,female,2026-04-20,24,24,1,7-day click or 1-day view,,,0.31,,2026-04-08,2026-04-22,,0,24,,,,,,2026-04-20,2026-04-20
CafeLaptop_Campaign_AB_1,Problem Led,18-24,female,2026-04-20,19,20,1.05263158,7-day click or 1-day view,,,0.20,,2026-04-08,2026-04-22,,0,20,,,,,,2026-04-20,2026-04-20
CafeLaptop_Campaign_AB_1,Problem Led,35-44,male,2026-04-20,32,33,1.03125,7-day click or 1-day view,,,0.44,,2026-04-08,2026-04-22,,1,33,,,,,,2026-04-20,2026-04-20
CafeLaptop_Campaign_AB_1,Problem Led,25-34,unknown,2026-04-20,1,1,1,7-day click or 1-day view,,,0.02,,2026-04-08,2026-04-22,,1,1,,,,,,2026-04-20,2026-04-20
CafeLaptop_Campaign_AB_1,Problem Led,25-34,male,2026-04-20,126,133,1.05555556,7-day click or 1-day view,Website landing page views,5,1.89,0.38,2026-04-08,2026-04-22,6,11,133,6,,,,5,2026-04-20,2026-04-20
CafeLaptop_Campaign_AB_1,Problem Led,18-24,male,2026-04-20,143,154,1.07692308,7-day click or 1-day view,Website landing page views,3,2.11,0.70,2026-04-08,2026-04-22,3,5,154,3,,,,3,2026-04-20,2026-04-20
CafeLaptop_Campaign_AB_1,Problem Led,35-44,female,2026-04-20,3,3,1,7-day click or 1-day view,Website landing page views,1,0.07,0.07,2026-04-08,2026-04-22,1,1,3,1,,,,1,2026-04-20,2026-04-20
CafeLaptop_Campaign_AB_1,Benefit Led,25-34,unknown,2026-04-20,6,7,1.16666667,7-day click or 1-day view,,,0.08,,2026-04-08,2026-04-22,,0,7,,,,,,2026-04-20,2026-04-20
CafeLaptop_Campaign_AB_1,Benefit Led,35-44,female,2026-04-20,8,9,1.125,7-day click or 1-day view,,,0.16,,2026-04-08,2026-04-22,,0,9,,,,,,2026-04-20,2026-04-20
CafeLaptop_Campaign_AB_1,Benefit Led,35-44,unknown,2026-04-20,3,3,1,7-day click or 1-day view,,,0.03,,2026-04-08,2026-04-22,,0,3,,,,,,2026-04-20,2026-04-20
CafeLaptop_Campaign_AB_1,Benefit Led,45-54,female,2026-04-20,2,2,1,7-day click or 1-day view,,,0.02,,2026-04-08,2026-04-22,,0,2,,,,,,2026-04-20,2026-04-20
CafeLaptop_Campaign_AB_1,Benefit Led,45-54,male,2026-04-20,14,14,1,7-day click or 1-day view,,,0.21,,2026-04-08,2026-04-22,,0,14,,,,,,2026-04-20,2026-04-20
CafeLaptop_Campaign_AB_1,Benefit Led,25-34,female,2026-04-20,31,32,1.03225806,7-day click or 1-day view,Website landing page views,1,0.57,0.57,2026-04-08,2026-04-22,,2,32,,,,,1,2026-04-20,2026-04-20
CafeLaptop_Campaign_AB_1,Benefit Led,18-24,female,2026-04-20,21,23,1.0952381,7-day click or 1-day view,Website landing page views,2,0.25,0.13,2026-04-08,2026-04-22,1,4,23,1,,,,2,2026-04-20,2026-04-20
CafeLaptop_Campaign_AB_1,Benefit Led,35-44,male,2026-04-20,63,66,1.04761905,7-day click or 1-day view,Website landing page views,1,1.00,1.00,2026-04-08,2026-04-22,1,5,66,1,,,,1,2026-04-20,2026-04-20
CafeLaptop_Campaign_AB_1,Benefit Led,25-34,male,2026-04-20,128,132,1.03125,7-day click or 1-day view,Website landing page views,4,1.61,0.40,2026-04-08,2026-04-22,2,9,132,2,,,,4,2026-04-20,2026-04-20
CafeLaptop_Campaign_AB_1,Benefit Led,18-24,male,2026-04-20,110,123,1.11818182,7-day click or 1-day view,Website landing page views,4,1.55,0.39,2026-04-08,2026-04-22,4,6,123,4,,,,4,2026-04-20,2026-04-20
CafeLaptop_Campaign_AB_1,Benefit Led,18-24,unknown,2026-04-20,5,5,1,7-day click or 1-day view,,,0.07,,2026-04-08,2026-04-22,,0,5,,,,,,2026-04-20,2026-04-20
CafeLaptop_Campaign_AB_1,Problem Led,45-54,female,2026-04-19,2,2,1,7-day click or 1-day view,,,0.03,,2026-04-08,2026-04-22,,0,2,,,,,,2026-04-19,2026-04-19
CafeLaptop_Campaign_AB_1,Problem Led,18-24,female,2026-04-19,21,21,1,7-day click or 1-day view,Website landing page views,1,0.48,0.48,2026-04-08,2026-04-22,1,2,21,1,,,,1,2026-04-19,2026-04-19
CafeLaptop_Campaign_AB_1,Problem Led,35-44,unknown,2026-04-19,2,2,1,7-day click or 1-day view,,,0.02,,2026-04-08,2026-04-22,,0,2,,,,,,2026-04-19,2026-04-19
CafeLaptop_Campaign_AB_1,Problem Led,35-44,female,2026-04-19,10,10,1,7-day click or 1-day view,,,0.12,,2026-04-08,2026-04-22,,0,10,,,,,,2026-04-19,2026-04-19
CafeLaptop_Campaign_AB_1,Problem Led,18-24,male,2026-04-19,162,177,1.09259259,7-day click or 1-day view,Website landing page views,4,2.51,0.63,2026-04-08,2026-04-22,4,7,177,4,,,,4,2026-04-19,2026-04-19
CafeLaptop_Campaign_AB_1,Problem Led,35-44,male,2026-04-19,32,32,1,7-day click or 1-day view,,,0.46,,2026-04-08,2026-04-22,,1,32,,,,,,2026-04-19,2026-04-19
CafeLaptop_Campaign_AB_1,Problem Led,18-24,unknown,2026-04-19,6,6,1,7-day click or 1-day view,,,0.16,,2026-04-08,2026-04-22,,0,6,,,,,,2026-04-19,2026-04-19
CafeLaptop_Campaign_AB_1,Problem Led,45-54,male,2026-04-19,14,14,1,7-day click or 1-day view,,,0.20,,2026-04-08,2026-04-22,,0,14,,,,,,2026-04-19,2026-04-19
CafeLaptop_Campaign_AB_1,Problem Led,25-34,unknown,2026-04-19,7,7,1,7-day click or 1-day view,,,0.06,,2026-04-08,2026-04-22,,0,7,,,,,,2026-04-19,2026-04-19
CafeLaptop_Campaign_AB_1,Problem Led,25-34,female,2026-04-19,18,18,1,7-day click or 1-day view,,,0.23,,2026-04-08,2026-04-22,,0,18,,,,,,2026-04-19,2026-04-19
CafeLaptop_Campaign_AB_1,Problem Led,25-34,male,2026-04-19,125,126,1.008,7-day click or 1-day view,Website landing page views,3,1.79,0.60,2026-04-08,2026-04-22,2,6,126,2,,,,3,2026-04-19,2026-04-19
CafeLaptop_Campaign_AB_1,Benefit Led,25-34,unknown,2026-04-19,5,5,1,7-day click or 1-day view,,,0.10,,2026-04-08,2026-04-22,,1,5,,,,,,2026-04-19,2026-04-19
CafeLaptop_Campaign_AB_1,Benefit Led,45-54,male,2026-04-19,15,16,1.06666667,7-day click or 1-day view,Website landing page views,1,0.20,0.20,2026-04-08,2026-04-22,1,2,16,1,,,,1,2026-04-19,2026-04-19
CafeLaptop_Campaign_AB_1,Benefit Led,25-34,female,2026-04-19,38,41,1.07894737,7-day click or 1-day view,,,0.71,,2026-04-08,2026-04-22,,1,41,,,,,,2026-04-19,2026-04-19
CafeLaptop_Campaign_AB_1,Benefit Led,35-44,female,2026-04-19,17,17,1,7-day click or 1-day view,,,0.24,,2026-04-08,2026-04-22,,0,17,,,,,,2026-04-19,2026-04-19
CafeLaptop_Campaign_AB_1,Benefit Led,45-54,female,2026-04-19,5,5,1,7-day click or 1-day view,,,0.06,,2026-04-08,2026-04-22,,0,5,,,,,,2026-04-19,2026-04-19
CafeLaptop_Campaign_AB_1,Benefit Led,45-54,unknown,2026-04-19,1,1,1,7-day click or 1-day view,,,0.02,,2026-04-08,2026-04-22,,0,1,,,,,,2026-04-19,2026-04-19
CafeLaptop_Campaign_AB_1,Benefit Led,35-44,unknown,2026-04-19,1,3,3,7-day click or 1-day view,,,0.03,,2026-04-08,2026-04-22,,0,3,,,,,,2026-04-19,2026-04-19
CafeLaptop_Campaign_AB_1,Benefit Led,18-24,female,2026-04-19,17,19,1.11764706,7-day click or 1-day view,Website landing page views,1,0.21,0.21,2026-04-08,2026-04-22,,2,19,,,,,1,2026-04-19,2026-04-19
CafeLaptop_Campaign_AB_1,Benefit Led,35-44,male,2026-04-19,74,75,1.01351351,7-day click or 1-day view,Website landing page views,2,1.23,0.62,2026-04-08,2026-04-22,1,2,75,1,,,,2,2026-04-19,2026-04-19
CafeLaptop_Campaign_AB_1,Benefit Led,25-34,male,2026-04-19,137,145,1.05839416,7-day click or 1-day view,Website landing page views,11,2.26,0.21,2026-04-08,2026-04-22,11,18,145,11,,,,11,2026-04-19,2026-04-19
CafeLaptop_Campaign_AB_1,Benefit Led,18-24,male,2026-04-19,95,99,1.04210526,7-day click or 1-day view,Website landing page views,3,1.19,0.40,2026-04-08,2026-04-22,2,6,99,2,,,,3,2026-04-19,2026-04-19
CafeLaptop_Campaign_AB_1,Benefit Led,18-24,unknown,2026-04-19,3,3,1,7-day click or 1-day view,,,0.01,,2026-04-08,2026-04-22,,1,3,,,,,,2026-04-19,2026-04-19
CafeLaptop_Campaign_AB_1,Problem Led,25-34,unknown,2026-04-18,2,2,1,7-day click or 1-day view,,,0.01,,2026-04-08,2026-04-22,,0,2,,,,,,2026-04-18,2026-04-18
CafeLaptop_Campaign_AB_1,Problem Led,35-44,male,2026-04-18,46,46,1,7-day click or 1-day view,Website landing page views,1,0.75,0.75,2026-04-08,2026-04-22,2,4,46,3,,1,,1,2026-04-18,2026-04-18
CafeLaptop_Campaign_AB_1,Problem Led,25-34,female,2026-04-18,20,20,1,7-day click or 1-day view,Website landing page views,1,0.30,0.30,2026-04-08,2026-04-22,,1,20,,,,,1,2026-04-18,2026-04-18
CafeLaptop_Campaign_AB_1,Problem Led,35-44,unknown,2026-04-18,2,2,1,7-day click or 1-day view,,,0.03,,2026-04-08,2026-04-22,,0,2,,,,,,2026-04-18,2026-04-18
CafeLaptop_Campaign_AB_1,Problem Led,45-54,male,2026-04-18,14,14,1,7-day click or 1-day view,,,0.15,,2026-04-08,2026-04-22,,0,14,,,,,,2026-04-18,2026-04-18
CafeLaptop_Campaign_AB_1,Problem Led,35-44,female,2026-04-18,13,13,1,7-day click or 1-day view,,,0.21,,2026-04-08,2026-04-22,,0,13,,,,,,2026-04-18,2026-04-18
CafeLaptop_Campaign_AB_1,Problem Led,45-54,female,2026-04-18,6,6,1,7-day click or 1-day view,,,0.18,,2026-04-08,2026-04-22,,0,6,,,,,,2026-04-18,2026-04-18
CafeLaptop_Campaign_AB_1,Problem Led,18-24,female,2026-04-18,23,26,1.13043478,7-day click or 1-day view,,,0.32,,2026-04-08,2026-04-22,,0,26,,,,,,2026-04-18,2026-04-18
CafeLaptop_Campaign_AB_1,Problem Led,18-24,unknown,2026-04-18,5,5,1,7-day click or 1-day view,,,0.07,,2026-04-08,2026-04-22,,0,5,,,,,,2026-04-18,2026-04-18
CafeLaptop_Campaign_AB_1,Problem Led,18-24,male,2026-04-18,143,149,1.04195804,7-day click or 1-day view,Website landing page views,5,2.11,0.42,2026-04-08,2026-04-22,4,6,149,4,,,,5,2026-04-18,2026-04-18
CafeLaptop_Campaign_AB_1,Problem Led,25-34,male,2026-04-18,129,134,1.03875969,7-day click or 1-day view,Website landing page views,2,2.09,1.05,2026-04-08,2026-04-22,2,6,134,3,,1,,2,2026-04-18,2026-04-18
CafeLaptop_Campaign_AB_1,Benefit Led,18-24,unknown,2026-04-18,2,2,1,7-day click or 1-day view,,,0.01,,2026-04-08,2026-04-22,,0,2,,,,,,2026-04-18,2026-04-18
CafeLaptop_Campaign_AB_1,Benefit Led,18-24,male,2026-04-18,82,83,1.01219512,7-day click or 1-day view,Website landing page views,4,0.97,0.24,2026-04-08,2026-04-22,4,5,83,4,,,,4,2026-04-18,2026-04-18
CafeLaptop_Campaign_AB_1,Benefit Led,35-44,male,2026-04-18,65,66,1.01538462,7-day click or 1-day view,Website landing page views,2,1.22,0.61,2026-04-08,2026-04-22,4,8,66,4,,,,2,2026-04-18,2026-04-18
CafeLaptop_Campaign_AB_1,Benefit Led,45-54,male,2026-04-18,13,13,1,7-day click or 1-day view,,,0.21,,2026-04-08,2026-04-22,,0,13,,,,,,2026-04-18,2026-04-18
CafeLaptop_Campaign_AB_1,Benefit Led,35-44,unknown,2026-04-18,1,1,1,7-day click or 1-day view,,,0.01,,2026-04-08,2026-04-22,,0,1,,,,,,2026-04-18,2026-04-18
CafeLaptop_Campaign_AB_1,Benefit Led,25-34,unknown,2026-04-18,2,2,1,7-day click or 1-day view,,,0.04,,2026-04-08,2026-04-22,,0,2,,,,,,2026-04-18,2026-04-18
CafeLaptop_Campaign_AB_1,Benefit Led,18-24,female,2026-04-18,17,19,1.11764706,7-day click or 1-day view,,,0.27,,2026-04-08,2026-04-22,,0,19,,,,,,2026-04-18,2026-04-18
CafeLaptop_Campaign_AB_1,Benefit Led,35-44,female,2026-04-18,15,15,1,7-day click or 1-day view,,,0.22,,2026-04-08,2026-04-22,,2,15,,,,,,2026-04-18,2026-04-18
CafeLaptop_Campaign_AB_1,Benefit Led,25-34,female,2026-04-18,46,49,1.06521739,7-day click or 1-day view,Website landing page views,2,0.74,0.37,2026-04-08,2026-04-22,2,4,49,2,,,,2,2026-04-18,2026-04-18
CafeLaptop_Campaign_AB_1,Benefit Led,25-34,male,2026-04-18,124,129,1.04032258,7-day click or 1-day view,Website landing page views,5,1.81,0.36,2026-04-08,2026-04-22,3,9,129,3,,,,5,2026-04-18,2026-04-18
CafeLaptop_Campaign_AB_1,Benefit Led,45-54,female,2026-04-18,7,7,1,7-day click or 1-day view,,,0.09,,2026-04-08,2026-04-22,,0,7,,,,,,2026-04-18,2026-04-18
CafeLaptop_Campaign_AB_1,Problem Led,18-24,male,2026-04-17,122,132,1.08196721,7-day click or 1-day view,Website landing page views,7,1.96,0.28,2026-04-08,2026-04-22,7,13,132,8,1,,,7,2026-04-17,2026-04-17
CafeLaptop_Campaign_AB_1,Problem Led,25-34,male,2026-04-17,119,123,1.03361345,7-day click or 1-day view,Website landing page views,5,1.96,0.39,2026-04-08,2026-04-22,5,7,123,5,,,,5,2026-04-17,2026-04-17
CafeLaptop_Campaign_AB_1,Problem Led,25-34,female,2026-04-17,20,21,1.05,7-day click or 1-day view,Website landing page views,1,0.24,0.24,2026-04-08,2026-04-22,,0,21,,,,,1,2026-04-17,2026-04-17
CafeLaptop_Campaign_AB_1,Problem Led,18-24,unknown,2026-04-17,6,6,1,7-day click or 1-day view,,,0.08,,2026-04-08,2026-04-22,,0,6,,,,,,2026-04-17,2026-04-17
CafeLaptop_Campaign_AB_1,Benefit Led,18-24,unknown,2026-04-17,1,1,1,7-day click or 1-day view,,,0.01,,2026-04-08,2026-04-22,,0,1,,,,,,2026-04-17,2026-04-17
CafeLaptop_Campaign_AB_1,Problem Led,35-44,female,2026-04-17,4,4,1,7-day click or 1-day view,,,0.07,,2026-04-08,2026-04-22,,0,4,,,,,,2026-04-17,2026-04-17
CafeLaptop_Campaign_AB_1,Problem Led,45-54,male,2026-04-17,10,11,1.1,7-day click or 1-day view,,,0.12,,2026-04-08,2026-04-22,,0,11,,,,,,2026-04-17,2026-04-17
CafeLaptop_Campaign_AB_1,Problem Led,35-44,male,2026-04-17,47,50,1.06382979,7-day click or 1-day view,,,0.76,,2026-04-08,2026-04-22,,0,50,,,,,,2026-04-17,2026-04-17
CafeLaptop_Campaign_AB_1,Problem Led,25-34,unknown,2026-04-17,3,3,1,7-day click or 1-day view,,,0.04,,2026-04-08,2026-04-22,,0,3,,,,,,2026-04-17,2026-04-17
CafeLaptop_Campaign_AB_1,Problem Led,45-54,female,2026-04-17,2,2,1,7-day click or 1-day view,,,0.02,,2026-04-08,2026-04-22,,1,2,,,,,,2026-04-17,2026-04-17
CafeLaptop_Campaign_AB_1,Problem Led,18-24,female,2026-04-17,12,12,1,7-day click or 1-day view,Website landing page views,2,0.18,0.09,2026-04-08,2026-04-22,1,3,12,1,,,,2,2026-04-17,2026-04-17
CafeLaptop_Campaign_AB_1,Benefit Led,18-24,male,2026-04-17,79,82,1.03797468,7-day click or 1-day view,Website landing page views,2,1.11,0.56,2026-04-08,2026-04-22,1,3,82,1,,,,2,2026-04-17,2026-04-17
CafeLaptop_Campaign_AB_1,Benefit Led,25-34,female,2026-04-17,25,28,1.12,7-day click or 1-day view,,,0.49,,2026-04-08,2026-04-22,,0,28,,,,,,2026-04-17,2026-04-17
CafeLaptop_Campaign_AB_1,Benefit Led,35-44,unknown,2026-04-17,2,2,1,7-day click or 1-day view,,,0.03,,2026-04-08,2026-04-22,,0,2,,,,,,2026-04-17,2026-04-17
CafeLaptop_Campaign_AB_1,Benefit Led,45-54,unknown,2026-04-17,1,1,1,7-day click or 1-day view,,,0.01,,2026-04-08,2026-04-22,,0,1,,,,,,2026-04-17,2026-04-17
CafeLaptop_Campaign_AB_1,Benefit Led,45-54,male,2026-04-17,13,14,1.07692308,7-day click or 1-day view,Website landing page views,1,0.19,0.19,2026-04-08,2026-04-22,,1,14,,,,,1,2026-04-17,2026-04-17
CafeLaptop_Campaign_AB_1,Benefit Led,35-44,male,2026-04-17,52,55,1.05769231,7-day click or 1-day view,Website landing page views,2,1.06,0.53,2026-04-08,2026-04-22,2,3,55,2,,,,2,2026-04-17,2026-04-17
CafeLaptop_Campaign_AB_1,Benefit Led,45-54,female,2026-04-17,3,3,1,7-day click or 1-day view,Website landing page views,1,0.02,0.02,2026-04-08,2026-04-22,1,2,3,2,,,1,1,2026-04-17,2026-04-17
CafeLaptop_Campaign_AB_1,Benefit Led,18-24,female,2026-04-17,15,16,1.06666667,7-day click or 1-day view,Website landing page views,1,0.17,0.17,2026-04-08,2026-04-22,1,1,16,1,,,,1,2026-04-17,2026-04-17
CafeLaptop_Campaign_AB_1,Benefit Led,25-34,male,2026-04-17,120,128,1.06666667,7-day click or 1-day view,Website landing page views,4,1.86,0.47,2026-04-08,2026-04-22,2,6,128,2,,,,4,2026-04-17,2026-04-17
CafeLaptop_Campaign_AB_1,Benefit Led,25-34,unknown,2026-04-17,2,2,1,7-day click or 1-day view,Website landing page views,1,0.03,0.03,2026-04-08,2026-04-22,1,2,2,1,,,,1,2026-04-17,2026-04-17
CafeLaptop_Campaign_AB_1,Benefit Led,35-44,female,2026-04-17,9,9,1,7-day click or 1-day view,,,0.20,,2026-04-08,2026-04-22,,0,9,,,,,,2026-04-17,2026-04-17
CafeLaptop_Campaign_AB_1,Problem Led,35-44,male,2026-04-16,41,42,1.02439024,7-day click or 1-day view,Website landing page views,1,0.75,0.75,2026-04-08,2026-04-22,,4,42,,,,,1,2026-04-16,2026-04-16
CafeLaptop_Campaign_AB_1,Problem Led,18-24,male,2026-04-16,129,140,1.08527132,7-day click or 1-day view,Website landing page views,2,1.71,0.86,2026-04-08,2026-04-22,2,4,140,4,,1,1,2,2026-04-16,2026-04-16
CafeLaptop_Campaign_AB_1,Problem Led,25-34,male,2026-04-16,122,126,1.03278689,7-day click or 1-day view,Website landing page views,1,2.13,2.13,2026-04-08,2026-04-22,1,4,126,1,,,,1,2026-04-16,2026-04-16
CafeLaptop_Campaign_AB_1,Problem Led,45-54,female,2026-04-16,3,3,1,7-day click or 1-day view,Website landing page views,1,0.07,0.07,2026-04-08,2026-04-22,1,2,3,1,,,,1,2026-04-16,2026-04-16
CafeLaptop_Campaign_AB_1,Benefit Led,18-24,unknown,2026-04-16,1,1,1,7-day click or 1-day view,,,0.01,,2026-04-08,2026-04-22,,0,1,,,,,,2026-04-16,2026-04-16
CafeLaptop_Campaign_AB_1,Problem Led,18-24,unknown,2026-04-16,2,2,1,7-day click or 1-day view,,,0.01,,2026-04-08,2026-04-22,,0,2,,,,,,2026-04-16,2026-04-16
CafeLaptop_Campaign_AB_1,Problem Led,25-34,unknown,2026-04-16,3,3,1,7-day click or 1-day view,,,0.05,,2026-04-08,2026-04-22,,1,3,,,,,,2026-04-16,2026-04-16
CafeLaptop_Campaign_AB_1,Problem Led,45-54,male,2026-04-16,13,13,1,7-day click or 1-day view,,,0.16,,2026-04-08,2026-04-22,,1,13,,,,,,2026-04-16,2026-04-16
CafeLaptop_Campaign_AB_1,Problem Led,18-24,female,2026-04-16,16,18,1.125,7-day click or 1-day view,,,0.28,,2026-04-08,2026-04-22,,0,18,,,,,,2026-04-16,2026-04-16
CafeLaptop_Campaign_AB_1,Problem Led,25-34,female,2026-04-16,16,18,1.125,7-day click or 1-day view,,,0.37,,2026-04-08,2026-04-22,3,3,18,4,,,1,,2026-04-16,2026-04-16
CafeLaptop_Campaign_AB_1,Problem Led,35-44,unknown,2026-04-16,3,3,1,7-day click or 1-day view,,,0.05,,2026-04-08,2026-04-22,,0,3,,,,,,2026-04-16,2026-04-16
CafeLaptop_Campaign_AB_1,Benefit Led,35-44,unknown,2026-04-16,1,2,2,7-day click or 1-day view,,,0.02,,2026-04-08,2026-04-22,,0,2,,,,,,2026-04-16,2026-04-16
CafeLaptop_Campaign_AB_1,Benefit Led,18-24,female,2026-04-16,25,26,1.04,7-day click or 1-day view,,,0.38,,2026-04-08,2026-04-22,,0,26,,,,,,2026-04-16,2026-04-16
CafeLaptop_Campaign_AB_1,Benefit Led,45-54,female,2026-04-16,3,3,1,7-day click or 1-day view,,,0.05,,2026-04-08,2026-04-22,,0,3,,,,,,2026-04-16,2026-04-16
CafeLaptop_Campaign_AB_1,Benefit Led,25-34,unknown,2026-04-16,3,3,1,7-day click or 1-day view,,,0.03,,2026-04-08,2026-04-22,,0,3,,,,,,2026-04-16,2026-04-16
CafeLaptop_Campaign_AB_1,Benefit Led,25-34,female,2026-04-16,31,32,1.03225806,7-day click or 1-day view,Website landing page views,1,0.55,0.55,2026-04-08,2026-04-22,1,4,32,1,,,,1,2026-04-16,2026-04-16
CafeLaptop_Campaign_AB_1,Benefit Led,25-34,male,2026-04-16,126,132,1.04761905,7-day click or 1-day view,Website landing page views,2,1.96,0.98,2026-04-08,2026-04-22,3,4,132,3,,,,2,2026-04-16,2026-04-16
CafeLaptop_Campaign_AB_1,Benefit Led,35-44,male,2026-04-16,54,55,1.01851852,7-day click or 1-day view,Website landing page views,3,1.00,0.33,2026-04-08,2026-04-22,2,4,55,3,,,1,3,2026-04-16,2026-04-16
CafeLaptop_Campaign_AB_1,Benefit Led,18-24,male,2026-04-16,97,104,1.07216495,7-day click or 1-day view,Website landing page views,3,1.29,0.43,2026-04-08,2026-04-22,2,5,104,2,,,,3,2026-04-16,2026-04-16
CafeLaptop_Campaign_AB_1,Benefit Led,35-44,female,2026-04-16,19,19,1,7-day click or 1-day view,Website landing page views,1,0.25,0.25,2026-04-08,2026-04-22,1,1,19,1,,,,1,2026-04-16,2026-04-16
CafeLaptop_Campaign_AB_1,Benefit Led,45-54,male,2026-04-16,14,16,1.14285714,7-day click or 1-day view,,,0.22,,2026-04-08,2026-04-22,1,2,16,1,,,,,2026-04-16,2026-04-16
CafeLaptop_Campaign_AB_1,Problem Led,35-44,female,2026-04-16,13,14,1.07692308,7-day click or 1-day view,,,0.14,,2026-04-08,2026-04-22,,0,14,,,,,,2026-04-16,2026-04-16
CafeLaptop_Campaign_AB_1,Benefit Led,25-34,male,2026-04-15,103,106,1.02912621,7-day click or 1-day view,Website landing page views,2,1.65,0.83,2026-04-08,2026-04-22,1,5,106,1,,,,2,2026-04-15,2026-04-15
CafeLaptop_Campaign_AB_1,Benefit Led,35-44,male,2026-04-15,37,40,1.08108108,7-day click or 1-day view,Website landing page views,1,0.77,0.77,2026-04-08,2026-04-22,1,2,40,1,,,,1,2026-04-15,2026-04-15
CafeLaptop_Campaign_AB_1,Problem Led,18-24,female,2026-04-15,22,22,1,7-day click or 1-day view,Website landing page views,1,0.25,0.25,2026-04-08,2026-04-22,1,1,22,2,,,1,1,2026-04-15,2026-04-15
CafeLaptop_Campaign_AB_1,Problem Led,45-54,unknown,2026-04-15,1,1,1,7-day click or 1-day view,,,0.00,,2026-04-08,2026-04-22,,0,1,,,,,,2026-04-15,2026-04-15
CafeLaptop_Campaign_AB_1,Problem Led,45-54,male,2026-04-15,11,11,1,7-day click or 1-day view,,,0.11,,2026-04-08,2026-04-22,,0,11,,,,,,2026-04-15,2026-04-15
CafeLaptop_Campaign_AB_1,Problem Led,35-44,male,2026-04-15,29,29,1,7-day click or 1-day view,,,0.48,,2026-04-08,2026-04-22,,1,29,,,,,,2026-04-15,2026-04-15
CafeLaptop_Campaign_AB_1,Problem Led,25-34,female,2026-04-15,20,21,1.05,7-day click or 1-day view,,,0.38,,2026-04-08,2026-04-22,,1,21,,,,,,2026-04-15,2026-04-15
CafeLaptop_Campaign_AB_1,Problem Led,45-54,female,2026-04-15,4,4,1,7-day click or 1-day view,,,0.06,,2026-04-08,2026-04-22,,0,4,,,,,,2026-04-15,2026-04-15
CafeLaptop_Campaign_AB_1,Problem Led,35-44,unknown,2026-04-15,1,1,1,7-day click or 1-day view,,,0.02,,2026-04-08,2026-04-22,,0,1,,,,,,2026-04-15,2026-04-15
CafeLaptop_Campaign_AB_1,Problem Led,18-24,male,2026-04-15,104,107,1.02884615,7-day click or 1-day view,Website landing page views,2,1.44,0.72,2026-04-08,2026-04-22,2,5,107,2,,,,2,2026-04-15,2026-04-15
CafeLaptop_Campaign_AB_1,Problem Led,25-34,male,2026-04-15,87,90,1.03448276,7-day click or 1-day view,Website landing page views,1,1.65,1.65,2026-04-08,2026-04-22,1,3,90,1,,,,1,2026-04-15,2026-04-15
CafeLaptop_Campaign_AB_1,Problem Led,25-34,unknown,2026-04-15,1,1,1,7-day click or 1-day view,,,0.02,,2026-04-08,2026-04-22,,0,1,,,,,,2026-04-15,2026-04-15
CafeLaptop_Campaign_AB_1,Problem Led,35-44,female,2026-04-15,17,17,1,7-day click or 1-day view,,,0.33,,2026-04-08,2026-04-22,,0,17,1,,,1,,2026-04-15,2026-04-15
CafeLaptop_Campaign_AB_1,Benefit Led,45-54,female,2026-04-15,4,5,1.25,7-day click or 1-day view,,,0.13,,2026-04-08,2026-04-22,,0,5,,,,,,2026-04-15,2026-04-15
CafeLaptop_Campaign_AB_1,Benefit Led,25-34,unknown,2026-04-15,7,7,1,7-day click or 1-day view,,,0.08,,2026-04-08,2026-04-22,,1,7,,,,,,2026-04-15,2026-04-15
CafeLaptop_Campaign_AB_1,Benefit Led,25-34,female,2026-04-15,28,28,1,7-day click or 1-day view,Website landing page views,1,0.55,0.55,2026-04-08,2026-04-22,,2,28,,,,,1,2026-04-15,2026-04-15
CafeLaptop_Campaign_AB_1,Benefit Led,35-44,female,2026-04-15,10,10,1,7-day click or 1-day view,,,0.14,,2026-04-08,2026-04-22,,0,10,,,,,,2026-04-15,2026-04-15
CafeLaptop_Campaign_AB_1,Benefit Led,18-24,male,2026-04-15,85,93,1.09411765,7-day click or 1-day view,Website landing page views,1,1.39,1.39,2026-04-08,2026-04-22,1,7,93,1,,,,1,2026-04-15,2026-04-15
CafeLaptop_Campaign_AB_1,Benefit Led,45-54,male,2026-04-15,9,10,1.11111111,7-day click or 1-day view,,,0.13,,2026-04-08,2026-04-22,,0,10,,,,,,2026-04-15,2026-04-15
CafeLaptop_Campaign_AB_1,Benefit Led,35-44,unknown,2026-04-15,4,4,1,7-day click or 1-day view,,,0.07,,2026-04-08,2026-04-22,,0,4,,,,,,2026-04-15,2026-04-15
CafeLaptop_Campaign_AB_1,Benefit Led,18-24,female,2026-04-15,15,16,1.06666667,7-day click or 1-day view,,,0.24,,2026-04-08,2026-04-22,,0,16,,,,,,2026-04-15,2026-04-15
CafeLaptop_Campaign_AB_1,Benefit Led,25-34,unknown,2026-04-14,1,1,1,7-day click or 1-day view,,,0.01,,2026-04-08,2026-04-22,,0,1,,,,,,2026-04-14,2026-04-14
CafeLaptop_Campaign_AB_1,Problem Led,25-34,unknown,2026-04-14,3,3,1,7-day click or 1-day view,,,0.06,,2026-04-08,2026-04-22,,0,3,,,,,,2026-04-14,2026-04-14
CafeLaptop_Campaign_AB_1,Problem Led,18-24,female,2026-04-14,14,14,1,7-day click or 1-day view,,,0.21,,2026-04-08,2026-04-22,,1,14,,,,,,2026-04-14,2026-04-14
CafeLaptop_Campaign_AB_1,Problem Led,35-44,female,2026-04-14,20,22,1.1,7-day click or 1-day view,,,0.30,,2026-04-08,2026-04-22,,0,22,,,,,,2026-04-14,2026-04-14
CafeLaptop_Campaign_AB_1,Problem Led,25-34,female,2026-04-14,18,18,1,7-day click or 1-day view,,,0.31,,2026-04-08,2026-04-22,,1,18,,,,,,2026-04-14,2026-04-14
CafeLaptop_Campaign_AB_1,Problem Led,35-44,unknown,2026-04-14,3,3,1,7-day click or 1-day view,,,0.05,,2026-04-08,2026-04-22,,0,3,,,,,,2026-04-14,2026-04-14
CafeLaptop_Campaign_AB_1,Problem Led,45-54,male,2026-04-14,9,9,1,7-day click or 1-day view,,,0.19,,2026-04-08,2026-04-22,,0,9,,,,,,2026-04-14,2026-04-14
CafeLaptop_Campaign_AB_1,Problem Led,35-44,male,2026-04-14,43,44,1.02325581,7-day click or 1-day view,Website landing page views,2,0.76,0.38,2026-04-08,2026-04-22,1,3,44,1,,,,2,2026-04-14,2026-04-14
CafeLaptop_Campaign_AB_1,Problem Led,25-34,male,2026-04-14,108,116,1.07407407,7-day click or 1-day view,Website landing page views,1,1.80,1.80,2026-04-08,2026-04-22,1,3,116,1,,,,1,2026-04-14,2026-04-14
CafeLaptop_Campaign_AB_1,Problem Led,18-24,male,2026-04-14,85,91,1.07058824,7-day click or 1-day view,Website landing page views,2,1.13,0.57,2026-04-08,2026-04-22,3,5,91,3,,,,2,2026-04-14,2026-04-14
CafeLaptop_Campaign_AB_1,Problem Led,45-54,female,2026-04-14,4,4,1,7-day click or 1-day view,,,0.11,,2026-04-08,2026-04-22,,0,4,,,,,,2026-04-14,2026-04-14
CafeLaptop_Campaign_AB_1,Benefit Led,18-24,unknown,2026-04-14,1,1,1,7-day click or 1-day view,,,0.01,,2026-04-08,2026-04-22,,0,1,,,,,,2026-04-14,2026-04-14
CafeLaptop_Campaign_AB_1,Benefit Led,45-54,unknown,2026-04-14,1,1,1,7-day click or 1-day view,,,0.02,,2026-04-08,2026-04-22,,0,1,,,,,,2026-04-14,2026-04-14
CafeLaptop_Campaign_AB_1,Benefit Led,18-24,male,2026-04-14,73,75,1.02739726,7-day click or 1-day view,Website landing page views,2,1.06,0.53,2026-04-08,2026-04-22,2,7,75,2,,,,2,2026-04-14,2026-04-14
CafeLaptop_Campaign_AB_1,Benefit Led,35-44,female,2026-04-14,10,11,1.1,7-day click or 1-day view,,,0.28,,2026-04-08,2026-04-22,,0,11,,,,,,2026-04-14,2026-04-14
CafeLaptop_Campaign_AB_1,Benefit Led,25-34,female,2026-04-14,25,26,1.04,7-day click or 1-day view,Website landing page views,2,0.48,0.24,2026-04-08,2026-04-22,3,5,26,4,,,1,2,2026-04-14,2026-04-14
CafeLaptop_Campaign_AB_1,Benefit Led,25-34,male,2026-04-14,104,107,1.02884615,7-day click or 1-day view,Website landing page views,2,1.57,0.79,2026-04-08,2026-04-22,,4,107,,,,,2,2026-04-14,2026-04-14
CafeLaptop_Campaign_AB_1,Benefit Led,35-44,male,2026-04-14,41,42,1.02439024,7-day click or 1-day view,Website landing page views,2,0.74,0.37,2026-04-08,2026-04-22,1,2,42,1,,,,2,2026-04-14,2026-04-14
CafeLaptop_Campaign_AB_1,Benefit Led,35-44,unknown,2026-04-14,2,2,1,7-day click or 1-day view,,,0.03,,2026-04-08,2026-04-22,,0,2,,,,,,2026-04-14,2026-04-14
CafeLaptop_Campaign_AB_1,Benefit Led,45-54,male,2026-04-14,14,14,1,7-day click or 1-day view,,,0.31,,2026-04-08,2026-04-22,,1,14,,,,,,2026-04-14,2026-04-14
CafeLaptop_Campaign_AB_1,Benefit Led,45-54,female,2026-04-14,7,8,1.14285714,7-day click or 1-day view,,,0.24,,2026-04-08,2026-04-22,,0,8,,,,,,2026-04-14,2026-04-14
CafeLaptop_Campaign_AB_1,Benefit Led,18-24,female,2026-04-14,11,11,1,7-day click or 1-day view,,,0.17,,2026-04-08,2026-04-22,,1,11,,,,,,2026-04-14,2026-04-14
CafeLaptop_Campaign_AB_1,Problem Led,45-54,unknown,2026-04-13,1,1,1,7-day click or 1-day view,,,0.07,,2026-04-08,2026-04-22,,0,1,,,,,,2026-04-13,2026-04-13
CafeLaptop_Campaign_AB_1,Problem Led,25-34,unknown,2026-04-13,2,3,1.5,7-day click or 1-day view,,,0.03,,2026-04-08,2026-04-22,,1,3,,,,,,2026-04-13,2026-04-13
CafeLaptop_Campaign_AB_1,Problem Led,45-54,male,2026-04-13,15,16,1.06666667,7-day click or 1-day view,,,0.29,,2026-04-08,2026-04-22,,0,16,,,,,,2026-04-13,2026-04-13
CafeLaptop_Campaign_AB_1,Problem Led,18-24,female,2026-04-13,7,7,1,7-day click or 1-day view,,,0.07,,2026-04-08,2026-04-22,,0,7,,,,,,2026-04-13,2026-04-13
CafeLaptop_Campaign_AB_1,Problem Led,18-24,unknown,2026-04-13,1,1,1,7-day click or 1-day view,,,0.02,,2026-04-08,2026-04-22,,0,1,,,,,,2026-04-13,2026-04-13
CafeLaptop_Campaign_AB_1,Problem Led,45-54,female,2026-04-13,9,10,1.11111111,7-day click or 1-day view,Website landing page views,1,0.20,0.20,2026-04-08,2026-04-22,1,1,10,1,,,,1,2026-04-13,2026-04-13
CafeLaptop_Campaign_AB_1,Problem Led,25-34,male,2026-04-13,112,119,1.0625,7-day click or 1-day view,Website landing page views,2,1.71,0.86,2026-04-08,2026-04-22,3,7,119,4,,,1,2,2026-04-13,2026-04-13
CafeLaptop_Campaign_AB_1,Problem Led,18-24,male,2026-04-13,93,104,1.11827957,7-day click or 1-day view,Website landing page views,1,1.38,1.38,2026-04-08,2026-04-22,1,3,104,1,,,,1,2026-04-13,2026-04-13
CafeLaptop_Campaign_AB_1,Problem Led,35-44,female,2026-04-13,12,12,1,7-day click or 1-day view,Website landing page views,1,0.17,0.17,2026-04-08,2026-04-22,1,1,12,1,,,,1,2026-04-13,2026-04-13
CafeLaptop_Campaign_AB_1,Problem Led,25-34,female,2026-04-13,13,14,1.07692308,7-day click or 1-day view,Website landing page views,1,0.23,0.23,2026-04-08,2026-04-22,1,2,14,1,,,,1,2026-04-13,2026-04-13
CafeLaptop_Campaign_AB_1,Benefit Led,18-24,female,2026-04-13,11,12,1.09090909,7-day click or 1-day view,,,0.17,,2026-04-08,2026-04-22,,0,12,,,,,,2026-04-13,2026-04-13
CafeLaptop_Campaign_AB_1,Problem Led,35-44,male,2026-04-13,39,40,1.02564103,7-day click or 1-day view,Website landing page views,2,0.82,0.41,2026-04-08,2026-04-22,2,3,40,4,1,,1,2,2026-04-13,2026-04-13
CafeLaptop_Campaign_AB_1,Benefit Led,35-44,female,2026-04-13,12,12,1,7-day click or 1-day view,,,0.18,,2026-04-08,2026-04-22,,1,12,,,,,,2026-04-13,2026-04-13
CafeLaptop_Campaign_AB_1,Benefit Led,25-34,unknown,2026-04-13,1,1,1,7-day click or 1-day view,,,0.01,,2026-04-08,2026-04-22,,0,1,,,,,,2026-04-13,2026-04-13
CafeLaptop_Campaign_AB_1,Benefit Led,35-44,male,2026-04-13,66,69,1.04545455,7-day click or 1-day view,Website landing page views,3,1.19,0.40,2026-04-08,2026-04-22,1,6,69,1,,,,3,2026-04-13,2026-04-13
CafeLaptop_Campaign_AB_1,Benefit Led,18-24,male,2026-04-13,95,99,1.04210526,7-day click or 1-day view,Website landing page views,2,1.32,0.66,2026-04-08,2026-04-22,2,6,99,2,,,,2,2026-04-13,2026-04-13
CafeLaptop_Campaign_AB_1,Benefit Led,18-24,unknown,2026-04-13,3,3,1,7-day click or 1-day view,,,0.02,,2026-04-08,2026-04-22,1,1,3,2,,1,,,2026-04-13,2026-04-13
CafeLaptop_Campaign_AB_1,Benefit Led,25-34,female,2026-04-13,24,24,1,7-day click or 1-day view,Website landing page views,3,0.42,0.14,2026-04-08,2026-04-22,2,5,24,2,,,,3,2026-04-13,2026-04-13
CafeLaptop_Campaign_AB_1,Benefit Led,25-34,male,2026-04-13,98,107,1.09183673,7-day click or 1-day view,Website landing page views,7,1.42,0.20,2026-04-08,2026-04-22,2,8,107,4,,,2,7,2026-04-13,2026-04-13
CafeLaptop_Campaign_AB_1,Benefit Led,45-54,female,2026-04-13,4,4,1,7-day click or 1-day view,,,0.11,,2026-04-08,2026-04-22,,1,4,1,,,1,,2026-04-13,2026-04-13
CafeLaptop_Campaign_AB_1,Benefit Led,45-54,male,2026-04-13,13,13,1,7-day click or 1-day view,,,0.22,,2026-04-08,2026-04-22,,0,13,,,,,,2026-04-13,2026-04-13
CafeLaptop_Campaign_AB_1,Problem Led,25-34,female,2026-04-12,16,16,1,7-day click or 1-day view,,,0.36,,2026-04-08,2026-04-22,,0,16,,,,,,2026-04-12,2026-04-12
CafeLaptop_Campaign_AB_1,Problem Led,25-34,unknown,2026-04-12,5,7,1.4,7-day click or 1-day view,,,0.08,,2026-04-08,2026-04-22,,0,7,,,,,,2026-04-12,2026-04-12
CafeLaptop_Campaign_AB_1,Problem Led,45-54,female,2026-04-12,9,9,1,7-day click or 1-day view,,,0.19,,2026-04-08,2026-04-22,,0,9,,,,,,2026-04-12,2026-04-12
CafeLaptop_Campaign_AB_1,Problem Led,45-54,male,2026-04-12,31,32,1.03225806,7-day click or 1-day view,,,0.61,,2026-04-08,2026-04-22,,0,32,,,,,,2026-04-12,2026-04-12
CafeLaptop_Campaign_AB_1,Problem Led,35-44,male,2026-04-12,64,65,1.015625,7-day click or 1-day view,Website landing page views,2,1.30,0.65,2026-04-08,2026-04-22,2,3,65,3,,1,,2,2026-04-12,2026-04-12
CafeLaptop_Campaign_AB_1,Problem Led,18-24,female,2026-04-12,16,17,1.0625,7-day click or 1-day view,,,0.22,,2026-04-08,2026-04-22,,0,17,,,,,,2026-04-12,2026-04-12
CafeLaptop_Campaign_AB_1,Problem Led,18-24,unknown,2026-04-12,6,6,1,7-day click or 1-day view,,,0.05,,2026-04-08,2026-04-22,,0,6,,,,,,2026-04-12,2026-04-12
CafeLaptop_Campaign_AB_1,Problem Led,35-44,female,2026-04-12,13,13,1,7-day click or 1-day view,,,0.25,,2026-04-08,2026-04-22,,0,13,,,,,,2026-04-12,2026-04-12
CafeLaptop_Campaign_AB_1,Problem Led,35-44,unknown,2026-04-12,1,1,1,7-day click or 1-day view,,,0.01,,2026-04-08,2026-04-22,,0,1,,,,,,2026-04-12,2026-04-12
CafeLaptop_Campaign_AB_1,Problem Led,18-24,male,2026-04-12,102,110,1.07843137,7-day click or 1-day view,Website landing page views,1,1.21,1.21,2026-04-08,2026-04-22,2,5,110,2,,,,1,2026-04-12,2026-04-12
CafeLaptop_Campaign_AB_1,Problem Led,25-34,male,2026-04-12,136,141,1.03676471,7-day click or 1-day view,Website landing page views,4,2.08,0.52,2026-04-08,2026-04-22,3,6,141,3,,,,4,2026-04-12,2026-04-12
CafeLaptop_Campaign_AB_1,Benefit Led,35-44,unknown,2026-04-12,2,2,1,7-day click or 1-day view,,,0.05,,2026-04-08,2026-04-22,,0,2,,,,,,2026-04-12,2026-04-12
CafeLaptop_Campaign_AB_1,Benefit Led,25-34,male,2026-04-12,127,131,1.03149606,7-day click or 1-day view,Website landing page views,3,1.72,0.57,2026-04-08,2026-04-22,1,4,131,1,,,,3,2026-04-12,2026-04-12
CafeLaptop_Campaign_AB_1,Benefit Led,18-24,male,2026-04-12,117,123,1.05128205,7-day click or 1-day view,Website landing page views,4,1.55,0.39,2026-04-08,2026-04-22,3,10,123,4,,,1,4,2026-04-12,2026-04-12
CafeLaptop_Campaign_AB_1,Benefit Led,18-24,female,2026-04-12,19,20,1.05263158,7-day click or 1-day view,Website landing page views,2,0.28,0.14,2026-04-08,2026-04-22,2,2,20,2,,,,2,2026-04-12,2026-04-12
CafeLaptop_Campaign_AB_1,Benefit Led,35-44,male,2026-04-12,99,102,1.03030303,7-day click or 1-day view,Website landing page views,8,1.56,0.20,2026-04-08,2026-04-22,7,12,102,7,,,,8,2026-04-12,2026-04-12
CafeLaptop_Campaign_AB_1,Benefit Led,25-34,female,2026-04-12,27,28,1.03703704,7-day click or 1-day view,Website landing page views,1,0.41,0.41,2026-04-08,2026-04-22,1,2,28,1,,,,1,2026-04-12,2026-04-12
CafeLaptop_Campaign_AB_1,Benefit Led,25-34,unknown,2026-04-12,5,5,1,7-day click or 1-day view,,,0.05,,2026-04-08,2026-04-22,,0,5,,,,,,2026-04-12,2026-04-12
CafeLaptop_Campaign_AB_1,Benefit Led,45-54,male,2026-04-12,22,22,1,7-day click or 1-day view,,,0.41,,2026-04-08,2026-04-22,,0,22,,,,,,2026-04-12,2026-04-12
CafeLaptop_Campaign_AB_1,Benefit Led,18-24,unknown,2026-04-12,5,6,1.2,7-day click or 1-day view,,,0.08,,2026-04-08,2026-04-22,,0,6,,,,,,2026-04-12,2026-04-12
CafeLaptop_Campaign_AB_1,Benefit Led,45-54,female,2026-04-12,7,7,1,7-day click or 1-day view,,,0.08,,2026-04-08,2026-04-22,,0,7,,,,,,2026-04-12,2026-04-12
CafeLaptop_Campaign_AB_1,Benefit Led,35-44,female,2026-04-12,20,20,1,7-day click or 1-day view,,,0.45,,2026-04-08,2026-04-22,,1,20,,,,,,2026-04-12,2026-04-12
CafeLaptop_Campaign_AB_1,Problem Led,35-44,male,2026-04-11,50,50,1,7-day click or 1-day view,Website landing page views,1,1.00,1.00,2026-04-08,2026-04-22,3,3,50,3,,,,1,2026-04-11,2026-04-11
CafeLaptop_Campaign_AB_1,Problem Led,45-54,female,2026-04-11,7,7,1,7-day click or 1-day view,,,0.13,,2026-04-08,2026-04-22,,1,7,,,,,,2026-04-11,2026-04-11
CafeLaptop_Campaign_AB_1,Problem Led,18-24,unknown,2026-04-11,5,5,1,7-day click or 1-day view,,,0.06,,2026-04-08,2026-04-22,,0,5,,,,,,2026-04-11,2026-04-11
CafeLaptop_Campaign_AB_1,Problem Led,18-24,female,2026-04-11,18,18,1,7-day click or 1-day view,,,0.21,,2026-04-08,2026-04-22,,0,18,,,,,,2026-04-11,2026-04-11
CafeLaptop_Campaign_AB_1,Problem Led,45-54,male,2026-04-11,24,24,1,7-day click or 1-day view,,,0.41,,2026-04-08,2026-04-22,,0,24,,,,,,2026-04-11,2026-04-11
CafeLaptop_Campaign_AB_1,Problem Led,35-44,female,2026-04-11,10,10,1,7-day click or 1-day view,,,0.09,,2026-04-08,2026-04-22,,0,10,,,,,,2026-04-11,2026-04-11
CafeLaptop_Campaign_AB_1,Problem Led,25-34,female,2026-04-11,18,18,1,7-day click or 1-day view,,,0.35,,2026-04-08,2026-04-22,,0,18,,,,,,2026-04-11,2026-04-11
CafeLaptop_Campaign_AB_1,Problem Led,25-34,unknown,2026-04-11,3,3,1,7-day click or 1-day view,,,0.07,,2026-04-08,2026-04-22,,0,3,,,,,,2026-04-11,2026-04-11
CafeLaptop_Campaign_AB_1,Problem Led,25-34,male,2026-04-11,93,97,1.04301075,7-day click or 1-day view,Website landing page views,2,1.62,0.81,2026-04-08,2026-04-22,1,2,97,2,1,,,2,2026-04-11,2026-04-11
CafeLaptop_Campaign_AB_1,Problem Led,18-24,male,2026-04-11,86,88,1.02325581,7-day click or 1-day view,Website landing page views,3,1.13,0.38,2026-04-08,2026-04-22,2,4,88,2,,,,3,2026-04-11,2026-04-11
CafeLaptop_Campaign_AB_1,Benefit Led,45-54,female,2026-04-11,6,6,1,7-day click or 1-day view,,,0.18,,2026-04-08,2026-04-22,,0,6,,,,,,2026-04-11,2026-04-11
CafeLaptop_Campaign_AB_1,Benefit Led,18-24,female,2026-04-11,6,6,1,7-day click or 1-day view,,,0.11,,2026-04-08,2026-04-22,,0,6,,,,,,2026-04-11,2026-04-11
CafeLaptop_Campaign_AB_1,Benefit Led,45-54,unknown,2026-04-11,1,1,1,7-day click or 1-day view,,,0.01,,2026-04-08,2026-04-22,,0,1,,,,,,2026-04-11,2026-04-11
CafeLaptop_Campaign_AB_1,Benefit Led,35-44,female,2026-04-11,10,10,1,7-day click or 1-day view,Website landing page views,1,0.29,0.29,2026-04-08,2026-04-22,1,1,10,1,,,,1,2026-04-11,2026-04-11
CafeLaptop_Campaign_AB_1,Benefit Led,35-44,male,2026-04-11,65,65,1,7-day click or 1-day view,Website landing page views,2,1.05,0.53,2026-04-08,2026-04-22,2,4,65,2,,,,2,2026-04-11,2026-04-11
CafeLaptop_Campaign_AB_1,Benefit Led,25-34,male,2026-04-11,97,98,1.01030928,7-day click or 1-day view,Website landing page views,3,1.69,0.56,2026-04-08,2026-04-22,,5,98,,,,,3,2026-04-11,2026-04-11
CafeLaptop_Campaign_AB_1,Benefit Led,45-54,male,2026-04-11,26,28,1.07692308,7-day click or 1-day view,Website landing page views,2,0.41,0.21,2026-04-08,2026-04-22,2,2,28,2,,,,2,2026-04-11,2026-04-11
CafeLaptop_Campaign_AB_1,Benefit Led,25-34,unknown,2026-04-11,2,2,1,7-day click or 1-day view,,,0.01,,2026-04-08,2026-04-22,,0,2,,,,,,2026-04-11,2026-04-11
CafeLaptop_Campaign_AB_1,Benefit Led,18-24,male,2026-04-11,65,67,1.03076923,7-day click or 1-day view,,,0.93,,2026-04-08,2026-04-22,,0,67,,,,,,2026-04-11,2026-04-11
CafeLaptop_Campaign_AB_1,Benefit Led,25-34,female,2026-04-11,18,18,1,7-day click or 1-day view,,,0.24,,2026-04-08,2026-04-22,,1,18,,,,,,2026-04-11,2026-04-11
CafeLaptop_Campaign_AB_1,Benefit Led,18-24,unknown,2026-04-11,3,3,1,7-day click or 1-day view,,,0.05,,2026-04-08,2026-04-22,,0,3,,,,,,2026-04-11,2026-04-11
CafeLaptop_Campaign_AB_1,Problem Led,25-34,male,2026-04-10,103,108,1.04854369,7-day click or 1-day view,Website landing page views,1,1.77,1.77,2026-04-08,2026-04-22,1,1,108,1,,,,1,2026-04-10,2026-04-10
CafeLaptop_Campaign_AB_1,Problem Led,25-34,unknown,2026-04-10,5,5,1,7-day click or 1-day view,,,0.08,,2026-04-08,2026-04-22,,0,5,,,,,,2026-04-10,2026-04-10
CafeLaptop_Campaign_AB_1,Problem Led,45-54,male,2026-04-10,29,29,1,7-day click or 1-day view,,,0.42,,2026-04-08,2026-04-22,,1,29,,,,,,2026-04-10,2026-04-10
CafeLaptop_Campaign_AB_1,Problem Led,18-24,female,2026-04-10,17,19,1.11764706,7-day click or 1-day view,,,0.22,,2026-04-08,2026-04-22,,1,19,,,,,,2026-04-10,2026-04-10
CafeLaptop_Campaign_AB_1,Problem Led,45-54,female,2026-04-10,14,14,1,7-day click or 1-day view,,,0.32,,2026-04-08,2026-04-22,,0,14,,,,,,2026-04-10,2026-04-10
CafeLaptop_Campaign_AB_1,Problem Led,18-24,unknown,2026-04-10,8,8,1,7-day click or 1-day view,,,0.10,,2026-04-08,2026-04-22,,0,8,,,,,,2026-04-10,2026-04-10
CafeLaptop_Campaign_AB_1,Problem Led,35-44,unknown,2026-04-10,1,1,1,7-day click or 1-day view,,,0.00,,2026-04-08,2026-04-22,,0,1,,,,,,2026-04-10,2026-04-10
CafeLaptop_Campaign_AB_1,Problem Led,35-44,female,2026-04-10,11,11,1,7-day click or 1-day view,Website landing page views,1,0.21,0.21,2026-04-08,2026-04-22,1,1,11,1,,,,1,2026-04-10,2026-04-10
CafeLaptop_Campaign_AB_1,Problem Led,25-34,female,2026-04-10,25,25,1,7-day click or 1-day view,Website landing page views,1,0.59,0.59,2026-04-08,2026-04-22,1,2,25,2,,,1,1,2026-04-10,2026-04-10
CafeLaptop_Campaign_AB_1,Problem Led,35-44,male,2026-04-10,59,61,1.03389831,7-day click or 1-day view,Website landing page views,1,1.26,1.26,2026-04-08,2026-04-22,1,1,61,1,,,,1,2026-04-10,2026-04-10
CafeLaptop_Campaign_AB_1,Problem Led,18-24,male,2026-04-10,87,96,1.10344828,7-day click or 1-day view,Website landing page views,4,1.54,0.39,2026-04-08,2026-04-22,4,7,96,5,,,1,4,2026-04-10,2026-04-10
CafeLaptop_Campaign_AB_1,Benefit Led,35-44,male,2026-04-10,75,80,1.06666667,7-day click or 1-day view,Website landing page views,2,1.22,0.61,2026-04-08,2026-04-22,,3,80,,,,,2,2026-04-10,2026-04-10
CafeLaptop_Campaign_AB_1,Benefit Led,25-34,unknown,2026-04-10,3,3,1,7-day click or 1-day view,,,0.04,,2026-04-08,2026-04-22,,0,3,,,,,,2026-04-10,2026-04-10
CafeLaptop_Campaign_AB_1,Benefit Led,35-44,female,2026-04-10,21,22,1.04761905,7-day click or 1-day view,Website landing page views,2,0.52,0.26,2026-04-08,2026-04-22,1,2,22,1,,,,2,2026-04-10,2026-04-10
CafeLaptop_Campaign_AB_1,Benefit Led,45-54,female,2026-04-10,12,12,1,7-day click or 1-day view,,,0.12,,2026-04-08,2026-04-22,,0,12,,,,,,2026-04-10,2026-04-10
CafeLaptop_Campaign_AB_1,Benefit Led,25-34,male,2026-04-10,130,135,1.03846154,7-day click or 1-day view,Website landing page views,7,2.02,0.29,2026-04-08,2026-04-22,6,8,135,6,,,,7,2026-04-10,2026-04-10
CafeLaptop_Campaign_AB_1,Benefit Led,25-34,female,2026-04-10,26,28,1.07692308,7-day click or 1-day view,Website landing page views,1,0.42,0.42,2026-04-08,2026-04-22,1,2,28,1,,,,1,2026-04-10,2026-04-10
CafeLaptop_Campaign_AB_1,Benefit Led,18-24,unknown,2026-04-10,6,6,1,7-day click or 1-day view,Website landing page views,1,0.06,0.06,2026-04-08,2026-04-22,1,2,6,1,,,,1,2026-04-10,2026-04-10
CafeLaptop_Campaign_AB_1,Benefit Led,45-54,male,2026-04-10,25,25,1,7-day click or 1-day view,Website landing page views,1,0.40,0.40,2026-04-08,2026-04-22,1,3,25,1,,,,1,2026-04-10,2026-04-10
CafeLaptop_Campaign_AB_1,Benefit Led,35-44,unknown,2026-04-10,6,6,1,7-day click or 1-day view,,,0.12,,2026-04-08,2026-04-22,,0,6,,,,,,2026-04-10,2026-04-10
CafeLaptop_Campaign_AB_1,Benefit Led,18-24,male,2026-04-10,73,77,1.05479452,7-day click or 1-day view,,,1.17,,2026-04-08,2026-04-22,,2,77,,,,,,2026-04-10,2026-04-10
CafeLaptop_Campaign_AB_1,Benefit Led,18-24,female,2026-04-10,20,21,1.05,7-day click or 1-day view,,,0.21,,2026-04-08,2026-04-22,,0,21,,,,,,2026-04-10,2026-04-10
CafeLaptop_Campaign_AB_1,Problem Led,45-54,female,2026-04-09,24,26,1.08333333,7-day click or 1-day view,,,0.35,,2026-04-08,2026-04-22,,0,26,,,,,,2026-04-09,2026-04-09
CafeLaptop_Campaign_AB_1,Problem Led,25-34,male,2026-04-09,62,63,1.01612903,7-day click or 1-day view,Website landing page views,2,0.98,0.49,2026-04-08,2026-04-22,2,3,63,2,,,,2,2026-04-09,2026-04-09
CafeLaptop_Campaign_AB_1,Problem Led,45-54,male,2026-04-09,32,32,1,7-day click or 1-day view,,,0.55,,2026-04-08,2026-04-22,,0,32,,,,,,2026-04-09,2026-04-09
CafeLaptop_Campaign_AB_1,Problem Led,25-34,female,2026-04-09,40,40,1,7-day click or 1-day view,,,0.46,,2026-04-08,2026-04-22,,1,40,,,,,,2026-04-09,2026-04-09
CafeLaptop_Campaign_AB_1,Problem Led,18-24,unknown,2026-04-09,2,2,1,7-day click or 1-day view,,,0.00,,2026-04-08,2026-04-22,,0,2,,,,,,2026-04-09,2026-04-09
CafeLaptop_Campaign_AB_1,Problem Led,35-44,unknown,2026-04-09,1,1,1,7-day click or 1-day view,,,0.11,,2026-04-08,2026-04-22,,0,1,,,,,,2026-04-09,2026-04-09
CafeLaptop_Campaign_AB_1,Problem Led,35-44,female,2026-04-09,30,31,1.03333333,7-day click or 1-day view,Website landing page views,1,0.66,0.66,2026-04-08,2026-04-22,,2,31,,,,,1,2026-04-09,2026-04-09
CafeLaptop_Campaign_AB_1,Problem Led,18-24,female,2026-04-09,39,39,1,7-day click or 1-day view,Website landing page views,1,0.46,0.46,2026-04-08,2026-04-22,1,2,39,1,,,,1,2026-04-09,2026-04-09
CafeLaptop_Campaign_AB_1,Problem Led,18-24,male,2026-04-09,67,69,1.02985075,7-day click or 1-day view,Website landing page views,2,0.90,0.45,2026-04-08,2026-04-22,3,4,69,4,,,1,2,2026-04-09,2026-04-09
CafeLaptop_Campaign_AB_1,Problem Led,35-44,male,2026-04-09,56,56,1,7-day click or 1-day view,Website landing page views,3,0.84,0.28,2026-04-08,2026-04-22,3,4,56,3,,,,3,2026-04-09,2026-04-09
CafeLaptop_Campaign_AB_1,Benefit Led,35-44,female,2026-04-09,73,75,1.02739726,7-day click or 1-day view,Website landing page views,1,0.63,0.63,2026-04-08,2026-04-22,1,1,75,2,,1,,1,2026-04-09,2026-04-09
CafeLaptop_Campaign_AB_1,Benefit Led,35-44,unknown,2026-04-09,1,1,1,7-day click or 1-day view,,,0.00,,2026-04-08,2026-04-22,,0,1,,,,,,2026-04-09,2026-04-09
CafeLaptop_Campaign_AB_1,Benefit Led,45-54,male,2026-04-09,59,59,1,7-day click or 1-day view,,,0.67,,2026-04-08,2026-04-22,,1,59,,,,,,2026-04-09,2026-04-09
CafeLaptop_Campaign_AB_1,Benefit Led,25-34,unknown,2026-04-09,4,4,1,7-day click or 1-day view,,,0.02,,2026-04-08,2026-04-22,,0,4,,,,,,2026-04-09,2026-04-09
CafeLaptop_Campaign_AB_1,Benefit Led,18-24,female,2026-04-09,38,40,1.05263158,7-day click or 1-day view,,,0.37,,2026-04-08,2026-04-22,,0,40,,,,,,2026-04-09,2026-04-09
CafeLaptop_Campaign_AB_1,Benefit Led,18-24,unknown,2026-04-09,1,1,1,7-day click or 1-day view,,,0.01,,2026-04-08,2026-04-22,,0,1,,,,,,2026-04-09,2026-04-09
CafeLaptop_Campaign_AB_1,Benefit Led,18-24,male,2026-04-09,56,56,1,7-day click or 1-day view,Website landing page views,1,0.76,0.76,2026-04-08,2026-04-22,1,3,56,1,,,,1,2026-04-09,2026-04-09
CafeLaptop_Campaign_AB_1,Benefit Led,45-54,female,2026-04-09,39,41,1.05128205,7-day click or 1-day view,Website landing page views,2,0.42,0.21,2026-04-08,2026-04-22,2,2,41,2,,,,2,2026-04-09,2026-04-09
CafeLaptop_Campaign_AB_1,Benefit Led,25-34,female,2026-04-09,69,69,1,7-day click or 1-day view,Website landing page views,1,0.78,0.78,2026-04-08,2026-04-22,1,2,69,1,,,,1,2026-04-09,2026-04-09
CafeLaptop_Campaign_AB_1,Benefit Led,25-34,male,2026-04-09,70,72,1.02857143,7-day click or 1-day view,Website landing page views,1,1.16,1.16,2026-04-08,2026-04-22,2,2,72,2,,,,1,2026-04-09,2026-04-09
CafeLaptop_Campaign_AB_1,Benefit Led,35-44,male,2026-04-09,79,82,1.03797468,7-day click or 1-day view,Website landing page views,2,0.61,0.31,2026-04-08,2026-04-22,2,5,82,2,,,,2,2026-04-09,2026-04-09
CafeLaptop_Campaign_AB_1,Problem Led,25-34,unknown,2026-04-09,1,1,1,7-day click or 1-day view,,,0.01,,2026-04-08,2026-04-22,,0,1,,,,,,2026-04-09,2026-04-09
CafeLaptop_Campaign_AB_1,Problem Led,25-34,male,2026-04-08,2,2,1,7-day click or 1-day view,,,0.02,,2026-04-08,2026-04-22,,0,2,,,,,,2026-04-08,2026-04-08
CafeLaptop_Campaign_AB_1,Problem Led,35-44,male,2026-04-08,1,1,1,7-day click or 1-day view,,,0.01,,2026-04-08,2026-04-22,,0,1,,,,,,2026-04-08,2026-04-08
CafeLaptop_Campaign_AB_1,Benefit Led,45-54,female,2026-04-08,2,2,1,7-day click or 1-day view,,,0.02,,2026-04-08,2026-04-22,,0,2,,,,,,2026-04-08,2026-04-08
CafeLaptop_Campaign_AB_1,Problem Led,35-44,female,2026-04-08,1,1,1,7-day click or 1-day view,,,0.01,,2026-04-08,2026-04-22,,0,1,,,,,,2026-04-08,2026-04-08